pdf_order,series_code,series_title,mega_group,episodes,sections,year_from,year_to
0,LO61T1-12,The mind must be totally empty to see something new,01,12,1A,1961,1961
12,LO65D1-6,"To live in the present, time must come to an end",01,6,1A,1965,1965
18,LO69T1-4,"Without freedom from the known, the possible cannot be captured",01,4,1A,1969,1969
22,BR69T1-4,D1-2 Understanding ourselves,01,6,1A,1969,1969
28,BR70T1-4,D1-2 Is there an observation without the ‘me’ as the observer?,01,6,1A,1970,1970
34,BR71T1-4,D1-2 Meditation is the total release of energy,01,6,1A,1971,1971
40,BR72T1-4,D1-2 Can there be complete freedom from thought?,01,6,1A,1972,1972
46,BR73T1-4,D1-2 What relationship has the human mind to the timeless?,01,6,1A,1973,1973
52,BR74T1-4,D1-2 Religion is the gathering of our total energy,01,6,1A,1974,1974
58,BR75T1-4,D1-2 What is correct action in a disintegrating world?,01,6,1A,1975,1975
64,BR76T1-4,"D1-2 Can a human being undergo a deep, radical transformation?",01,6,1A,1976,1976
70,BR77T1-4,D1-2 There is an ending to sorrow when there is no ‘me’,01,6,1A,1977,1977
76,BR78T1-4,D1-2 The movement of desire,01,6,1A,1978,1978
82,BR79T1-4,Q1-2 On being conditioned,01,6,1A,1979,1979
88,BR80T1-4,Q1-2 Why does the mind live in time?,01,6,1A,1980,1980
94,BR81T1-4,Q1-2 Our consciousness is the common ground on which all,01,6,1A,1981,1981
100,LO82T1-2,"London Talks, 1982",01,2,1A,1982,1982
102,BR82T1-4,Q1-2 A different kind of intelligence,01,6,1A,1982,1982
108,BR83T1-4,Q1-2 The world of peace,01,6,1A,1983,1983
114,BR84T1-4,Q1-2 The ending of sorrow,01,6,1A,1984,1984
120,BR85T1-4,Q1-2 Facing a world in crisis,01,6,1A,1985,1985
126,MA61T7-8,Death and the religious mind,01,2,1B,1961,1961
128,ND62T1-8,D1-2 A complete revolution of the mind,01,9,1B,1962,1962
137,ND66T1-4,A total revolution of the mind,01,4,1B,1966,1966
141,ND67T1-5,To find out what love is one must die to the past,01,5,1B,1967,1967
146,ND69T1-3,Facing the crisis with a new mind and heart,01,3,1B,1969,1969
150,BO69T1-4,A different dimension of mind,01,4,1B,1969,1969
154,MA69T1-4,D1-3 Conditioning exists only when the mind is asleep,01,7,1B,6970,6970
160,ND70T1-5,Can a conditioned mind totally change?,01,5,1B,1970,1970
166,MA71T1-3,D1-2 In complete attention there is no time,01,5,1B,1971,1971
171,BA71T1-2,Bangalore Talks,01,2,1B,1971,1971
173,BO71T1-4,To learn about oneself one has to learn anew each minute,01,4,1B,1971,1971
177,ND72T1-4,There is no freedom without knowing yourself totally,01,4,1B,1972,1972
181,RA72T1-2,Beliefs dissipate energy,01,2,1B,1972,1972
183,MA72T1-4,D1-2 Can the mind be free of its content?,01,6,1B,1972,1972
189,BA73T1-3,"Truth is a living thing with no place, abode or time",01,3,1B,1973,1973
192,ND73T1-4,The quality of energy that will transform man,01,4,1B,1973,1973
196,MA73T1-4,D1-3 An energy that will transform the human mind,01,7,1B,1973,1973
203,BA74T1-4,"Living, love and death are one movement",01,4,1B,1974,1974
207,BO74T1-4,Can the mind regenerate itself?,01,4,1B,1974,1974
211,RA74T1-2,A different energy that comes with meditation,01,2,1B,1974,1974
213,MA74T1-4,D1-2 Relationship is challenge and response,01,6,1B,1974,1974
219,RA76T1-2,D1-2 Can you live without images?,01,4,1B,1976,1976
223,MA76T1-6,D1-2 Truth comes when there is total order,01,8,1B,1976,1976
231,BO77T1-4,Is it possible to bring about order in consciousness?,01,4,1B,1977,1977
235,RV77T1-3,Can consciousness become aware of itself?,01,3,1B,1977,1977
238,MA7778T1-6,D1-3 Can the brain be free of all pressure?,01,9,1B,7778,7778
247,BO78T1-4,A total regeneration of the mind,01,4,1B,1978,1978
251,RA78T1-2,What is the beginning of disorder?,01,2,1B,1978,1978
253,MA7879T1-6,D1-3 Life is a movement in learning,01,9,1B,7879,7879
262,BO79T1-4,Knowing oneself is the beginning of freedom,01,4,1B,1979,1979
266,MA7980T1-6,D The seed of a million years,01,7,1B,7980,7980
273,BO80T1-5,The brain can function excellently only in order,01,5,1B,1980,1980
278,CO80T1-4,D Magnitude of the mind,01,5,1B,1980,1980
283,MA8081T1-6,Q1-2 Can the brain ever be free from knowledge?,01,8,1B,8081,8081
291,ND81T1-4,The way of meditation,01,4,1B,1981,1981
295,RA81T1-3,"Q Thought, fear, death and meditation",01,4,1B,1981,1981
299,MA8182,"T1-6 Q1-2 When you observe ‘what is’, there is no conflict",01,8,1B,8182,8182
307,BO82T1-6,Can the human condition change radically?,01,6,1B,1982,1982
313,ND82T1-4,Living without measurement is part of meditation,01,4,1B,1982,1982
317,CC82T1-4,If you fundamentally change you affect the whole consciousness of,01,4,1B,1982,1982
321,MA8283T1-4,Q1-2 Why has man become what he is?,01,6,1B,8283,8283
327,BO83T1-4,Is it possible to live a life without a single problem?,01,4,1B,1983,1983
331,ND83T1-4,The shared consciousness of humanity,01,4,1B,1983,1983
335,MA8384T1-4,Q1-2 Is it possible to bring about a deep psychological,01,6,1B,8384,8384
341,BO84T1-4,Q Time is the enemy of man,01,5,1B,1984,1984
347,RA84T1-4,There is beauty only when the self is not,01,4,1B,1984,1984
351,MA8485T1-4,Q1-2 Where there is total attention there is no self,01,6,1B,8485,8485
357,BO85T1-4,Q1-2 That benediction is where you are,01,6,1B,1985,1985
363,RA85T1-3,"D As long as there is a meditator, there is no meditation",01,4,1B,1985,1985
367,MA8586T1-3,What is life?,01,3,1B,8586,8586
370,OJ49T1-14,Self-knowledge is the beginning of wisdom,01,14,1C,1949,1949
384,OJ66T1-6,D1-3 Effort to be intelligent is not intelligent,01,9,1C,1966,1966
393,BK69T1-4,Can thought be silent?,01,4,1C,1969,1969
397,SM70T1-4,To learn about myself means observing without the past,01,4,1C,1970,1970
401,SD70DYP,T1-4 Ending all fear,01,4,1C,1970,1970
401,SD70DYP,T1-4 Ending all fear,02,1,2A,1970,1970
405,NY71T1-4,Meditation is the emptying of the mind of will,01,4,1C,1971,1971
409,SM72T1-4,What is total action?,01,4,1C,1972,1972
413,OJ72T1-2,How is one to live a life that is completely orderly?,01,2,1C,1972,1972
415,SF73T1-4,Meditation is the total negation of the self,01,4,1C,1973,1973
419,OJ73T1-4,"In meditation, life is a total movement",01,4,1C,1973,1973
423,OJ74D1-2,Thought is never new,01,2,1C,1974,1974
425,SF75T1-4,Meditation is the transformation of the mind,01,4,1C,1975,1975
429,OJ75T1-4,Freedom from authority is necessary to find truth,01,5,1C,1975,1975
434,OJ76T1-6,D1-3 Thought can never change man,01,9,1C,1976,1976
443,OJ77T1-6,D1-4 Intelligence is the capacity to see the truth that thought is,01,10,1C,1977,1977
453,OJ78T1-6,D1-4 Is there a way of living completely free from pressure?,01,10,1C,1978,1978
463,OJ79T1-6,D1-4 The essence of goodness is a mind that is not in conflict,01,10,1C,1979,1979
473,OJ80T1-6,Q1-4 To observe without distortion,01,10,1C,1980,1980
483,OJ81T1-6,Q1-4 The crisis is in the very nature of thought,01,10,1C,1981,1981
493,OJ82T1-6,Q1-4 Truth demands a mind that is totally free,01,10,1C,1982,1982
503,NY83T1-2,Fundamental change in consciousness,01,2,1C,1983,1983
505,SF83T1-2,"Two public talks in San Francisco, 1983",01,2,1C,1983,1983
507,OJ83T1-4,Q1-2 Can we live together without conflict?,01,6,1C,1983,1983
514,SF84T1-2,What is real freedom?,01,2,1C,1984,1984
516,OJ84T1-4,Q1-2 Attention and order,01,6,1C,1984,1984
523,WA85T1-2,Washington Talks,01,2,1C,1985,1985
525,OJ85T1-4,Q1-2 Is creation related to ending?,01,6,1C,1985,1985
531,SA61T1-9,A revolution in the mind,01,9,1D,1961,1961
540,SA62T1-10,"A new, innocent mind free from the known",01,10,1D,1962,1962
550,SA63T1-10,The world needs a complete mutation of the mind,01,10,1D,1963,1963
560,SA64T1-10,D1-8 A mind that keeps itself aflame,01,18,1D,1964,1964
578,SA65T1-10,D1-7 A radical mutation of the human mind,01,17,1D,1965,1965
595,SA67T1-10,"D1-6 Violence, self-knowledge and the process of thought",01,16,1D,1967,1967
611,SA68T1-10,D1-7 In complete silence of the mind is love,01,17,1D,1968,1968
628,SA69T1-7,D1-7 The mind must be still and quiet to see,01,14,1D,1969,1969
642,SA70T1-7,D1-8 Can the brain be completely still?,01,15,1D,1970,1970
657,SA71T1-7,D1-7 Learning implies a mind that doesn't know,01,14,1D,1971,1971
671,SA72T1-7,D1-7 There is insight when thought is absent,01,14,1D,1972,1972
685,SA73T1-7,D1-7 A mind that seeks truth must be free of the observer,01,14,1D,1973,1973
699,SA74T1-7,D1-5 Is there a movement other than the movement of thought?,01,12,1D,1974,1974
711,SA75T1-7,D1-5 Is it possible for the stream of selfishness to end?,01,12,1D,1975,1975
723,SA76T1-7,"D1-5 - Saanen 1976 - Public Meetings - You are only aware now,",01,12,1D,1976,1976
735,SA77T1-6,D1-5 Can the mind be free of every motive to investigate?,01,12,1D,1977,1977
747,SA78T1-7,D1-5 Is it possible to observe the whole movement of,01,12,1D,1978,1978
759,SA79T1-7,D1-5 What love is not,01,12,1D,1979,1979
771,SA80T1-7,Q1-5 When there is freedom,01,12,1D,1980,1980
783,SA81T1-7,Q1-3 The turning point,01,10,1D,1981,1981
793,SA82T1-6,Q1-3 Is there an intelligence which has no cause?,01,9,1D,1982,1982
802,SA83T1-6,Q1-3 Why has the brain got caught in the narrow circle of the self?,01,9,1D,1983,1983
811,SA84T1-6,Q1-3 Why has man after thousands of years not found peace?,01,9,1D,1984,1984
820,SA85T1-5,Q1-3 Without beauty and love there is no truth,01,8,1D,1985,1985
828,AM67T1-5,One sees or understands only when the mind is quiet,01,5,1E,1967,1967
833,AM68T1-5,Can thought become quiet?,01,5,1E,1968,1968
838,PA69T1-5,DYP1-4 Looking at the totality of life,01,5,1E,1969,1969
838,PA69T1-5,DYP1-4 Looking at the totality of life,02,4,2A,1969,1969
843,AM69T1-5,The flame of change,01,5,1E,1969,1969
849,FL70T,TYP A way of living that constantly renews itself,01,1,1E,1970,1970
849,FL70T,TYP A way of living that constantly renews itself,02,1,2A,1970,1970
850,SY70T1-5,D1-2 Seeing the whole spectrum of life,01,7,1E,1970,1970
857,AM71DYP,T1-4 - Amsterdam 1971 - Public Meetings - How do you observe a,01,4,1E,1971,1971
857,AM71DYP,T1-4 - Amsterdam 1971 - Public Meetings - How do you observe a,02,1,2A,1971,1971
863,RO73T,DSG1-2 When the observer is the observed,01,1,1E,1973,1973
863,RO73T,DSG1-2 When the observer is the observed,03,2,3A,1973,1973
864,AM81T1-2,Compassion is freedom from sorrow,01,2,1E,1981,1981
866,GS66DYP1-3,Ideas increase confusion,02,3,2A,1966,1966
870,AM67DYP1-3,One sees or understands only when the mind is quiet,02,3,2A,1967,1967
873,GS67DYP1-2,"Can the mind move like a river, without anchorage?",02,2,2A,1967,1967
875,AM68DYP1-4,Can thought become quiet?,02,4,2A,1968,1968
879,SA68DYP1-4,Without images we are capable of listening to each other,02,4,2A,1968,1968
883,BN68TYP1-3,DYP1-2 A mind purged of the past knows love,02,5,2A,1968,1968
889,CL68TYP1-3,DYP1-6 Knowledge and learning are two different things,02,8,2A,1968,1968
897,ML6869DYP1-14,Can the mind function out of silence?,02,14,2A,6869,6869
915,AM69DYP1-4,Can the mind bring in itself the flame of change?,02,4,2A,1969,1969
920,SC69DYP1-3,Freedom from conflict,02,3,2A,1969,1969
925,SA70DYP1-2,What am I to do in this world?,02,2,2A,1970,1970
928,SD71DYP1-2,"Unless we change, the world cannot possibly change",02,2,2A,1971,1971
933,MA84DYP1-2,A brain full of knowledge is not sensitive to learn something,02,2,2B,1984,1984
937,GS62DSG1-8,The extraordinary state of mind when there is no authority,03,8,3A,1962,1962
945,GS64DSG1-8,Learning is without accumulation,03,8,3A,1964,1964
953,GS65DSG1.1-1.3,Awareness creates energy,03,3,3A,1965,1965
956,GS65DSG2.1-2.6,"Thought, stillness and time",03,6,3A,1965,1965
962,LO67DSG1.1-1.3,If there is an observer there must be duality,03,3,3A,1967,1967
963,LO67DSG2.1-2.2,The sacred,03,2,3A,1967,1967
967,LO67DSG3.1-3.2,Education and the purpose of life,03,2,3A,1967,1967
969,ML70DSG1-8,Can the mind observe without comparison?,03,8,3A,1970,1970
971,OJ70DSG1-3,Comparison prevents looking at ‘what is’,03,3,3A,1970,1970
980,SY70DSG1-2,Action and conformity,03,2,3A,1970,1970
982,OJ72DSG1-4,Being a light to oneself,03,4,3A,1972,1972
986,RO72DSG1-3,Seeing in freedom,03,3,3A,1972,1972
989,BR73DSG1-4,Can the brain look at itself and not create the observer?,03,4,3A,1973,1973
995,BR76CTM1-7,The transformation of man,03,8,3A,1976,1976
1004,BR7879CBS1-5,Can humanity change?,03,5,3A,7879,7879
1011,BR80DCO1-2,Why has the mind become so extraordinarily mechanical?,03,2,3A,1980,1980
1014,OJ82CNM1-4,The nature of the mind,03,4,3A,1982,1982
1019,BR85DSG1-2,Two Discussions with Mary Zimbalist and Scott Forbes,03,2,3A,1985,1985
1026,BA73DSG1-2,"If I have a belief, I cannot inquire",03,2,3B,1973,1973
1028,MA73DSG1-2,Freedom has nothing to do with the brain,03,2,3B,1973,1973
1031,BO77DSG1.1-1.5,Holistic living without dissipation of energy,03,5,3B,1977,1977
1037,MA79DSG1.1-1.3,What is a religious life?,03,3,3B,1979,1979
1043,MA84DSG1.1-1.2,Living and dying at the same time,03,2,3B,1984,1984
1047,RV84DSG1.1-1.2,What will change man?,03,2,3B,1984,1984
1049,SD72CA1-2,It’s only when the mind is quiet you see things clearly,04,2,4A,1972,1972
1051,SD74CA1-18,A wholly different way of living,04,18,4A,1974,1974
1071,BR83CB1-2,The future of humanity,04,2,4B,1983,1983
1073,BR78CPJ1-2,"Two Conversations with Pupul Jayakar, 1978",04,2,4C,1978,1978
1076,BR81CPJ1-2,"Two Conversations with Pupul Jayakar, 1981",04,2,4C,1981,1981
1078,BR82CPJ1-2,"Two Conversations with Pupul Jayakar, 1982",04,2,4C,1982,1982
1080,BR83CPJ1-2,"Two Conversations with Pupul Jayakar, 1983",04,2,4C,1983,1983
1084,SA69CV1-2,Two conversations with Swami Venkatesananda,04,2,4D,1969,1969
1087,ML71CJN1-2,The state of not-knowing is intelligence,04,2,4D,1971,1971
1089,ML7172CAN1-7,A religious life is a life in which the self is not,04,7,4D,7172,7172
1097,SD72CES1-2,Goodness only flowers in freedom,04,2,4D,1972,1972
1101,BR79CJLD1-2,Conversations with Jean-Louis Dewez,04,2,4D,1979,1979
1112,SC84CRB1-2,Thought cannot achieve silence,04,2,4D,1984,1984
1115,BR84CMZ1-3,Knowledge is conditioning,04,3,4D,1984,1984
1118,BR84CIM1-2,Why are we fragmented?,04,2,4D,1984,1984
1121,BR70S1-6,Freedom means a quality of mind which has no division in itself,05,6,5A,1970,1970
1127,BR74S1-12,The place of knowledge in the transformation of man and society,05,12,5A,1974,1974
1139,BR75S1-8,A new quality of energy is needed for transformation,05,8,5A,1975,1975
1147,BR78S1-7,How can one be a light to oneself if there is any kind of,05,7,5A,1978,1978
1154,BR79S1-6,What is correct action in a deteriorating world?,05,6,5A,1979,1979
1160,OJ81S2.1-2.3,The crisis in human consciousness,05,3,5A,1981,1981
1163,BR81S1-5,I am the rest of mankind,05,5,5A,1981,1981
1168,LS84S1-2,Creativity in science,05,2,5A,1984,1984
1170,BR84SBR1-3,Can the brain ever be quiet?,05,3,5A,1984,1984
1174,MA79S1-4,"Can the mind, without any pressure or motive, transform itself?",05,4,5B,1979,1979
1178,MA81S1-3,Why is the brain incapable of perceiving the whole?,05,3,5B,1981,1981
1181,ND81S1-3,Fear will continue as long as there is a division between you and,05,3,5B,1981,1981
1184,MA82S1-2,Time and thought are not different,05,2,5B,1982,1982
1186,MA83S1-2,Conditioning is broken down when there is no interference of,05,2,5B,1983,1983
1188,RV83S1-2,Rishi Valley Educational Conference,05,2,5B,1983,1983
1191,SA67DT1-7,In un-educating ourselves is a new kind of education,06,7,6A,1967,1967
1198,BR69DSS1-10,Learning is intelligence,06,10,6A,1969,1969
1210,BR71DT1-2,An intelligent mind,06,2,6A,1971,1971
1212,BR72DSS1.1-1.10,We are here to learn,06,10,6A,1972,1972
1214,BR72DT1.1-1.2,Sanity and responsibility,06,2,6A,1972,1972
1225,BR72DSS2.1-2.7,The listening mind,06,7,6A,1972,1972
1233,BR73DSS1.01-1.12,Learning is the most important thing,06,12,6A,1973,1973
1236,BR73DT1.1-1.4,A seed of sanity,06,3,6A,1973,1973
1248,BR74DSS1.1-1-8,Thought is never free,06,8,6A,1974,1974
1256,BR75DSS1.1-1.15,Learn while you are young,06,15,6A,1975,1975
1271,BR76DT1-6,How will you awaken intelligence in a student?,06,6,6A,1976,1976
1277,BR76DSS2.1-2.6,Learning is not competition,06,6,6A,1976,1976
1283,BR77DSS1.1-1.2,Can you act in the world without any pressure from,06,2,6A,1977,1977
1285,BR77DSS2.1-2.8,What happens to the brain that is completely free from all,06,8,6A,1977,1977
1293,BR78DSS1.1-1.5,What is the real beauty of relationship?,06,5,6A,1978,1978
1298,BR78DSS2.1-2.4,Demanding intelligence,06,4,6A,1978,1978
1300,BR78DT1-2,Is it possible to educate the students to be totally non-selfish?,06,1,6A,1978,1978
1303,BR79DSS1.1-1.6,How do we bring about a harmonious life?,06,6,6A,1979,1979
1308,BR79DT2.1-2.3,How can we help the student to understand the nature of,06,3,6A,1979,1979
1312,BR79DSS2.1-2.2,Freedom implies love and responsibility,06,2,6A,1979,1979
1314,BR80DSS1.1-1.4,Is Brockwood helping you to be totally responsible for,06,4,6A,1980,1980
1318,BR80DT2.1-2.8,What makes us think and cooperate together?,06,8,6A,1980,1980
1323,BR80DSS2.1-2.2,Learning through listening,06,2,6A,1980,1980
1329,BR81DSS1-3,Is there a solution to all psychological problems?,06,3,6A,1981,1981
1330,BR81DT1-6,Can we educate ourselves and students to understand conflict,06,6,6A,1981,1981
1338,BR82DSS1.1-1.4,What does it mean to be a good human being?,06,4,6A,1982,1982
1342,BR82DSS2.1-2.3,Can you live a life of great intelligence and integrity?,06,3,6A,1982,1982
1346,BR83DSS1.1-1.6,The brain cannot deteriorate when it is free,06,6,6A,1983,1983
1352,BR83DT2.1-2.2,Affection means there is no authority,06,2,6A,1983,1983
1355,BR85DS1.1-1.3,There is freedom when there is learning,06,3,6A,1985,1985
1358,RA65TS1-4,One can learn easily when there is an atmosphere of freedom,06,4,6B,1965,1965
1362,RA67TS1.1-1.3,Can we change the whole structure of society?,06,3,6B,1967,1967
1365,RA69TS1-3,Can the human mind mutate?,06,3,6B,1969,1969
1370,RV78DT1-7,What is the function of a good teacher?,06,7,6B,1978,1978
1371,RV78DS1-7,Thinking about the future is the beginning of fear,06,7,6B,1978,1978
1384,RV79DS1-4,Begin to learn how to learn,06,4,6B,1979,1979
1388,RV80DS1-4,Never stop learning,06,4,6B,1980,1980
1392,RA81DS1-2,Learning and sensitivity,06,2,6B,1981,1981
1394,RV81DS1-2,Is there a learning that’s not restricted to a particular point of,06,2,6B,1981,1981
1396,RV82DS1-3,Is it possible to uncondition the brain?,06,3,6B,1982,1982
1399,RV83DS1-4,A good human being is one who is not fragmented,06,4,6B,1983,1983
1403,RV84DS1-3,Each time you watch you are learning,06,3,6B,1984,1984
1406,RV85DT1-3,Can the mind be in a state of not-knowing?,06,3,6B,1985,1985
1407,RV85DS1-2,In attention there is no effort,06,2,6B,1985,1985
1411,RV85S1-2,Can educators bring about a mutation?,06,2,6B,1985,1985
1415,OJ77DT1-4,What is the meaning of education?,06,4,6C,1977,1977
1419,WO78DSS1-3,Proper education is the cultivation of the wholeness of man,06,3,6C,1978,1978
1446,US97EBM1-12,Beyond myth & tradition,08,12,8A,1997,1997
1466,US66FRR1-8,The real revolution,09,8,9A,1966,1966
