event_type,items,segments,passages,qa_failures,collapsed,word_total,duration_total,word_k,word_q,word_ann,word_unk,duration_k,duration_q,duration_ann,duration_unk,word_pct_k,duration_pct_k,word_pct_q,duration_pct_q,word_pct_ann,duration_pct_ann,word_pct_unk,duration_pct_unk
CA,20,3914,3941,0,0,116854,68940.701,69876,705,3264,0,44700.34478702687,466.96444444444444,1414.117,0.0,59.79769627055985,64.83883125445281,0.603316959624831,0.6773421762050903,2.793229157752409,2.051207747365377,0.0,0.0
CAN,7,2919,2921,0,0,43341,23260.413000000015,26761,33,583,0,16635.934518537026,21.501000000000317,288.76,0.0,61.745229690131744,71.52037463194233,0.076140375164394,0.09243601994513298,1.3451466279042938,1.2414224975283106,0.0,0.0
CB,29,16068,16084,0,0,269342,144680.723,134942,1273,313,0,91365.1081684427,664.711765123763,218.70000000000005,0.0,50.10061557425132,63.149468895343226,0.47263330635400347,0.45943353844296386,0.11620913188437006,0.15116042791685527,0.0,0.0
CBS,5,2463,2473,0,0,47699,28895.250000000015,27695,8,250,0,18883.138015567787,3.3100000000004,137.39,0.0,58.06201387869767,65.35031887790477,0.01677184008050483,0.011455169967383562,0.5241200025157761,0.47547607305699,0.0,0.0
CCTR,1,56,66,0,0,2942,2243.9000000000005,2673,22,0,0,2097.768630952381,23.632857142857347,0.0,0.0,90.85656016315431,93.4876166920264,0.7477906186267845,1.0532045609366434,0.0,0.0,0.0,0.0
CDS,1,306,306,0,0,5995,3470.83,4159,15,98,0,2606.86641006216,8.152857142857101,59.57,0.0,69.3744787322769,75.10786786048754,0.25020850708924103,0.23489646980281667,1.634695579649708,1.7163041693197305,0.0,0.0
CES,2,518,518,0,0,13405,6576.430000000004,6533,262,134,0,3699.4761643079164,109.80750000000046,59.910000000000004,0.0,48.73554643789631,56.2535625606585,1.9544945915703096,1.6697128989436578,0.999627004848937,0.9109805776082155,0.0,0.0
CHS,1,302,302,0,0,7012,3581.8800000000037,4670,9,0,0,2580.3503030303054,5.1599999999998545,0.0,0.0,66.6001140901312,72.03899357405336,0.12835139760410724,0.14405842741799973,0.0,0.0,0.0,0.0
CIM,2,558,558,0,0,12059,5474.650000000002,5092,5,0,0,2548.6801075036083,3.7799999999999727,0.0,0.0,42.22572352599718,46.55421090852579,0.04146280786134837,0.06904550975861418,0.0,0.0,0.0,0.0
CJLD,3,431,432,0,0,13618,9352.169999999998,8349,66,409,0,6594.481015873016,22.800000000000225,246.33,0.0,61.30856219709209,70.51284371298873,0.48465266558966075,0.2437936863850874,3.003377882214716,2.6339341564578067,0.0,0.0
CJN,2,460,461,0,0,10787,7023.620000000001,7783,0,169,0,5167.510999999999,0.0,86.24,0.0,72.1516640400482,73.57332828370552,0.0,0.0,1.5667006581996847,1.2278568601376496,0.0,0.0
CJS,1,259,259,0,0,6944,3706.359999999995,4032,28,9,0,2322.262742368739,12.88000000000011,2.7600000000000016,0.0,58.064516129032256,62.65615704812112,0.4032258064516129,0.3475107652791452,0.12960829493087558,0.07446659255981625,0.0,0.0
CMZ,3,62,81,0,0,6956,5020.379999999999,6312,0,134,0,4713.204285714285,0.0,59.010000000000005,0.0,90.74180563542265,93.88142502588023,0.0,0.0,1.9263944795859689,1.1754090327823794,0.0,0.0
CNM,4,1349,1351,0,0,27331,12947.080000000005,13509,74,1008,0,7851.306672272178,46.00999999999996,520.71,0.0,49.42739014306099,60.64152436126273,0.27075482053346017,0.35536970498367154,3.6881197175368627,4.021833494502234,0.0,0.0
CPA,1,236,237,0,0,5666,3699.7799999999997,3629,110,0,0,2482.4296089466084,93.382,0.0,0.0,64.04871161313096,67.09668166611551,1.941404871161313,2.5239879127948153,0.0,0.0,0.0,0.0
CPJ,8,2820,2829,0,0,50685,33186.31800000001,32952,1237,188,0,22387.467339263516,905.8932424242423,164.1,0.0,65.01331754957089,67.45993134659744,2.440564269507744,2.7297190439272057,0.37091841767781397,0.4944808881780738,0.0,0.0
CRE,1,410,410,0,0,8417,4815.239999999997,4599,3,0,0,3233.5109847652325,2.1599999999998545,0.0,0.0,54.63942022098135,67.15160583408583,0.035642152786028274,0.04485757719241109,0.0,0.0,0.0,0.0
CTM,8,3336,3336,0,0,50240,23923.11700000001,22264,1011,0,0,12899.366659326794,444.23,0.0,0.0,44.31528662420382,53.92009184809316,2.0123407643312103,1.8569068570788658,0.0,0.0,0.0,0.0
CV,2,581,585,0,0,14858,8148.58,9740,113,375,0,5549.559000000005,68.64683333333335,225.039,0.0,65.55391035132588,68.1046145463382,0.7605330461704133,0.8424392143580028,2.5238928523354422,2.761695902844422,0.0,0.0
D,113,16712,18059,0,0,761209,536667.8300000001,634859,118123,7957,0,455353.90557997057,74205.26100336257,6927.989999999999,0.0,83.4014048704101,84.84836990880756,15.517814424159463,13.827037294812799,1.0453108147696624,1.2909270153196992,0.0,0.0
DCO,2,469,487,0,0,14257,8959.790000000005,11428,1339,0,0,7726.003899517151,636.1674437229443,0.0,0.0,80.15711580276356,86.22974310242927,9.391877674124991,7.100249489362406,0.0,0.0,0.0,0.0
DS,31,8781,8859,0,0,187227,115051.04899999997,142462,2624,199,0,93926.6680674603,1761.0471428571423,174.82,0.0,76.09052113210167,81.63912357501437,1.4015072612390307,1.5306658723790887,0.10628808879061247,0.15194994006530096,0.0,0.0
DSG,44,16536,16678,1,1,363108,214592.66399999993,227025,62713,8469,0,145933.32156003633,31584.17291367049,6769.009000000002,0.0,62.52272051290525,68.0048044699405,17.271170010024566,14.718197875427139,2.3323639247827095,3.154352471247574,0.0,0.0
DSS,88,13352,14694,0,0,607160,416099.7559999999,503394,82074,17855,0,354732.37360278587,44636.37912556887,15012.939999999993,0.0,82.90961196389749,85.25176198439922,13.517688912313064,10.727326436011868,2.9407404967389157,3.608014612726665,0.0,0.0
DT,49,17395,17709,0,0,464157,270410.044,307874,42648,527,0,202026.89864798394,19518.153625122362,395.238,0.0,66.32971171392438,74.71131458711051,9.188270348179604,7.217983968495772,0.11353916885881286,0.1461624702076525,0.0,0.0
DTV,1,153,153,0,0,4125,2626.6999999999994,2427,38,0,0,1603.3912987012986,35.389999999999986,0.0,0.0,58.836363636363636,61.04204129521069,0.9212121212121213,1.347317927437469,0.0,0.0,0.0,0.0
DYP,11,1802,1895,0,0,71835,51225.749,54219,12290,5326,0,38203.07578264791,7840.572217352086,5182.101,0.0,75.47713510127375,74.57787641650278,17.108651771420618,15.305920109342054,7.414213127305631,10.116203474155155,0.0,0.0
FCC,1,1,1,0,1,6402,4537.6,0,0,6402,0,0.0,0.0,4537.6,0.0,0.0,0.0,0.0,0.0,100.0,100.0,0.0,0.0
FCLW,1,83,87,0,0,3654,2447.7199999999984,2859,0,130,0,2113.1369523809512,0.0,62.39000000000001,0.0,78.24302134646962,86.33082837828479,0.0,0.0,3.557744937055282,2.54890265226415,0.0,0.0
FOE,1,16,19,0,0,1023,602.8100000000002,703,108,212,0,448.2606776556777,64.15932234432245,90.39000000000001,0.0,68.71945259042033,74.36185160426628,10.557184750733137,10.643373922848397,20.72336265884653,14.99477447288532,0.0,0.0
FOF,1,2,2,0,1,2352,1890.58,0,1230,1122,0,0.0,1101.7445454545455,788.8354545454546,0.0,0.0,0.0,52.295918367346935,58.27547871312219,47.704081632653065,41.72452128687782,0.0,0.0
FOG,1,13,13,0,0,1537,716.1299999999999,36,105,372,0,14.870000000000005,39.73636363636365,195.98999999999998,0.0,2.342225113858165,2.0764386354432864,6.831489915419649,5.548764000441771,24.20299284320104,27.36793598927569,0.0,0.0
FQA,1,2,9,0,0,1482,1091.67,1279,0,203,0,990.8900000000001,0.0,100.78,0.0,86.30229419703105,90.7682724632902,0.0,0.0,13.697705802968962,9.23172753670981,0.0,0.0
FRR,8,201,263,0,0,19190,13292.262000000002,16739,2451,0,0,12261.068056746031,1031.1939432539689,0.0,0.0,87.22772277227723,92.24214852781287,12.772277227722773,7.757851472187117,0.0,0.0,0.0,0.0
FSM,1,105,126,0,0,11070,6059.330000000005,5109,0,186,0,3045.875338161842,0.0,172.43,0.0,46.15176151761518,50.26752690746071,0.0,0.0,1.6802168021680217,2.845694160905576,0.0,0.0
I,1,52,57,0,0,1814,935.8399999999999,1576,26,32,0,830.7943964646468,15.340000000000032,12.34,0.0,86.87982359426681,88.77526035055638,1.4332965821389194,1.6391690887331203,1.7640573318632855,1.3186014703368099,0.0,0.0
IFW,1,469,469,0,0,8175,5288.06,4721,0,26,0,3195.2789999999973,0.0,26.900000000000002,0.0,57.74923547400611,60.42440895148688,0.0,0.0,0.3180428134556575,0.5086931691395332,0.0,0.0
IIT,1,1,37,1,0,6068,5064.75,6068,0,0,0,5064.75,0.0,0.0,0.0,100.0,100.0,0.0,0.0,0.0,0.0,0.0,0.0
IRF,1,61,61,0,0,3438,1441.345000000001,769,0,325,0,409.3988888888889,0.0,127.21300000000001,0.0,22.36765561372891,28.40394831833382,0.0,0.0,9.453170447934847,8.825992389053274,0.0,0.0
Q,64,780,1266,20,16,390697,315760.83500000014,107171,265970,17548,0,85919.17447554115,215238.48074379517,14575.338030663781,0.0,27.430719969695186,27.210206254851432,68.07577227365452,68.16503406567033,4.491460134068088,4.615942325673092,0.0,0.0
S,55,18449,18693,0,0,560158,309252.25499999995,263952,94832,8410,0,173894.07839546568,46191.79954427336,3991.250000000001,0.0,47.12099086329214,56.23049649079057,16.92950917419728,14.936608803151127,1.5013621156887877,1.2906130627891466,0.0,0.0
SBR,3,1274,1277,0,0,25563,14196.159999999996,10892,343,394,0,7380.077931068925,296.2386666666663,226.07999999999998,0.0,42.608457536282906,51.98643810064783,1.341783045808395,2.086752098219986,1.5412901459140163,1.5925433356626022,0.0,0.0
T,400,4585,12039,21,21,2070434,1733824.8409999993,1403153,297516,369398,0,1174289.8920307986,244219.99851901326,315111.946997807,0.0,67.77096009822095,67.72828859422248,14.369740836945297,14.085621150643865,17.84157331264846,18.174381837559977,0.0,0.0
TS,3,116,187,0,0,17807,13312.58,15751,206,1526,0,11264.783,135.5220000000004,1596.9299999999998,0.0,88.45397877239287,84.61757976290096,1.1568484303925421,1.0179995162470414,8.569663615432134,11.995646223346636,0.0,0.0
TYP,3,22,80,0,1,15524,13410.56,10879,1207,3437,0,9350.369999999999,996.5366666666669,3062.5733333333337,0.0,70.07858799278536,69.72393397442015,7.775057974748776,7.430984736406734,22.13991239371296,22.83702793420509,0.0,0.0
WOL,1,504,504,0,0,7873,4483.34,4161,0,15,0,3006.4177494172495,0.0,11.399999999999999,0.0,52.85151784580211,67.05754525459254,0.0,0.0,0.1905245776705195,0.25427471483313774,0.0,0.0
